# 0.1.6b's mutants of the library and the fuzz pass -- each one rule broken in a copy of the tree as it stands at its step;
# `mutants <step>` in env.sh runs a step's rows, the unit at both legs. TAB-separated; `\n` in a text is a newline.
# step	name	file	the text	its replacement	unit
3	fuzz-backslash-span	src/syntax/parse.npk	func:escape = PatternError?(uint8[]:pat, Ast->:out, Parser->:p, int64:at) never fails {\n    int32:d = raw cursor_peek(@p.c);\n    if (d == CURSOR_END) {\n        pass raw pattern_error(PatternErrorKind.TrailingBackslash, at, 1i64, 0u32);	func:escape = PatternError?(uint8[]:pat, Ast->:out, Parser->:p, int64:at) never fails {\n    int32:d = raw cursor_peek(@p.c);\n    if (d == CURSOR_END) {\n        pass raw pattern_error(PatternErrorKind.TrailingBackslash, at, 2i64, 0u32);	parse_fuzz
3	fuzz-unopened-past	src/syntax/parse.npk	        pass raw pattern_error(PatternErrorKind.UnopenedGroup, at, 1i64, 0u32);	        pass raw pattern_error(PatternErrorKind.UnopenedGroup, at + 1i64, 1i64, 0u32);	parse_fuzz
3	fuzz-literal-long	src/syntax/parse.npk	    p.f.pending = raw ast_push(out, raw node(AstKind.Literal, fl, cp, 0i64, 0i64, at, n));	    p.f.pending = raw ast_push(out, raw node(AstKind.Literal, fl, cp, 0i64, 0i64, at, n + 1i64));	parse_fuzz
3	fuzz-negative-span	src/syntax/parse.npk	            pass raw pattern_error(PatternErrorKind.BadRepeatBounds, at, p.c.pos - at, why);	            pass raw pattern_error(PatternErrorKind.BadRepeatBounds, at, at - p.c.pos, why);	parse_fuzz
3	fuzz-refuse-all	src/syntax/parse.npk	    PatternError?:bad = raw parse_check_encoding(pat);\n    if (bad != NIL) { pass bad; }\n    Parser:p	    PatternError?:bad = raw parse_check_encoding(pat);\n    if (bad != NIL) { pass bad; }\n    if (true) { pass raw pattern_error(PatternErrorKind.PatternTooLong, 0i64, 0i64, 0u32); }\n    Parser:p	parse_fuzz
3	fuzz-accept-all	src/syntax/parse.npk	    PatternError?:bad = raw parse_check_encoding(pat);\n    if (bad != NIL) { pass bad; }\n    Parser:p	    PatternError?:bad = raw parse_check_encoding(pat);\n    if (bad != NIL) { pass bad; }\n    if (true) { pass NIL; }\n    Parser:p	parse_fuzz
3	fuzz-tokens-dead	tests/unit/parse_fuzz.npk	        if (which == 2i64) {	        if (false) {	parse_fuzz
